-- Database Export: library_project
-- Generated by LocalDevine
-- Date: 2026-02-27T06:28:18.323Z

SET NAMES utf8mb4;
SET FOREIGN_KEY_CHECKS = 0;

-- Table: books
DROP TABLE IF EXISTS `books`;
CREATE TABLE `books` (
  `BookID` int(11) NOT NULL AUTO_INCREMENT,
  `BookName` varchar(200) NOT NULL,
  `Author` varchar(200) NOT NULL,
  `Category` varchar(200) NOT NULL,
  `Pages` int(11) NOT NULL,
  `StatusID` tinyint(1) NOT NULL,
  PRIMARY KEY (`BookID`),
  KEY `BookName` (`BookName`),
  KEY `StatusID` (`StatusID`)
) ENGINE=InnoDB AUTO_INCREMENT=16 DEFAULT CHARSET=utf8mb4 COLLATE=utf8mb4_general_ci;

INSERT INTO `books` (`BookID`, `BookName`, `Author`, `Category`, `Pages`, `StatusID`) VALUES
(1, 'พระพุทธศาสนา ม.4-6', 'สถาพร ดาบุตร', 'ธรรมะ ศาสนา และปรัชญา', 232, 0),
(9, 'ประวัติศาสตร์ไทย', 'Boss', 'หนังสือเรียน', 777, 0),
(10, 'Faust', 'Hermann Wolfgang von Goethe', 'หนังสือต่างภาษา', 9999, 0),
(12, 'The Stranger', 'Albert Camus', 'หนังสือต่างภาษา', 555, 1),
(15, 'สุขศึกษา ม.4', 'boss', 'หนังสือเรียน', 345, 0);

-- Table: borrowing
DROP TABLE IF EXISTS `borrowing`;
CREATE TABLE `borrowing` (
  `BorrowID` int(11) NOT NULL AUTO_INCREMENT,
  `UserID` int(11) DEFAULT NULL,
  `BookID` int(11) DEFAULT NULL,
  `ReturnBefore` date NOT NULL,
  `FullName` varchar(200) NOT NULL,
  `BookName` varchar(200) NOT NULL,
  `BorrowedDate` date NOT NULL,
  `ReturnedDate` date DEFAULT NULL,
  `StatusID` tinyint(1) NOT NULL,
  PRIMARY KEY (`BorrowID`),
  KEY `UserID` (`UserID`),
  KEY `BookID` (`BookID`),
  KEY `StatusID` (`StatusID`),
  CONSTRAINT `borrowing_ibfk_14` FOREIGN KEY (`BookID`) REFERENCES `books` (`BookID`) ON DELETE SET NULL ON UPDATE CASCADE,
  CONSTRAINT `borrowing_ibfk_15` FOREIGN KEY (`UserID`) REFERENCES `users` (`UserID`) ON DELETE SET NULL ON UPDATE CASCADE
) ENGINE=InnoDB AUTO_INCREMENT=13 DEFAULT CHARSET=utf8mb4 COLLATE=utf8mb4_general_ci;

INSERT INTO `borrowing` (`BorrowID`, `UserID`, `BookID`, `ReturnBefore`, `FullName`, `BookName`, `BorrowedDate`, `ReturnedDate`, `StatusID`) VALUES
(5, 1, 1, '2026-03-05 00:00:00.000', 'นายถิรคุณ จรรยาวดี', 'พระพุทธศาสนา ม.4-6', '2026-02-27 00:00:00.000', '2026-02-28 00:00:00.000', 0),
(6, 3, 10, '2026-03-05 00:00:00.000', 'นายถิรคุณ จรรยาวดี', 'Faust', '2026-02-26 00:00:00.000', '2026-02-28 00:00:00.000', 0),
(7, 3, 9, '2026-02-27 00:00:00.000', 'นายถิรคุณ จรรยาวดี', 'ประวัติศาสตร์ไทย', '2026-02-27 00:00:00.000', '2026-02-28 00:00:00.000', 0),
(8, 3, 12, '2026-02-28 00:00:00.000', 'นายถิรคุณ จรรยาวดี', 'The Stranger', '2026-02-27 00:00:00.000', '2026-02-28 00:00:00.000', 0),
(9, 3, 1, '2026-03-01 00:00:00.000', 'นายถิรคุณ จรรยาวดี', 'พระพุทธศาสนา ม.4-6', '2026-02-27 00:00:00.000', '2026-02-28 00:00:00.000', 0),
(10, 3, 10, '2026-02-27 00:00:00.000', 'นายถิรคุณ จรรยาวดี', 'Faust', '2026-02-03 00:00:00.000', '2026-02-28 00:00:00.000', 0),
(11, 1, 9, '2026-02-27 00:00:00.000', 'นายปองภพ รอดตัวดี', 'ประวัติศาสตร์ไทย', '2026-02-02 00:00:00.000', '2026-02-28 00:00:00.000', 0),
(12, 3, 12, '2026-02-27 00:00:00.000', 'นายถิรคุณ จรรยาวดี', 'The Stranger', '2026-02-10 00:00:00.000', NULL, 1);

-- Table: settings
DROP TABLE IF EXISTS `settings`;
CREATE TABLE `settings` (
  `id` int(11) NOT NULL AUTO_INCREMENT,
  `setting_key` varchar(50) NOT NULL,
  `setting_value` text DEFAULT NULL,
  `created_at` timestamp NULL DEFAULT current_timestamp(),
  PRIMARY KEY (`id`),
  UNIQUE KEY `setting_key` (`setting_key`)
) ENGINE=InnoDB AUTO_INCREMENT=3 DEFAULT CHARSET=utf8mb4 COLLATE=utf8mb4_general_ci;

INSERT INTO `settings` (`id`, `setting_key`, `setting_value`, `created_at`) VALUES
(1, 'site_name', 'library', '2026-02-09 21:21:14.000'),
(2, 'site_version', '1.0.0', '2026-02-09 21:21:14.000');

-- Table: users
DROP TABLE IF EXISTS `users`;
CREATE TABLE `users` (
  `UserID` int(11) NOT NULL AUTO_INCREMENT,
  `Username` varchar(100) NOT NULL,
  `Password` varchar(255) NOT NULL,
  `FullName` varchar(200) NOT NULL,
  `Email` varchar(100) DEFAULT NULL,
  `Phone` varchar(20) DEFAULT NULL,
  `Role` tinyint(1) NOT NULL,
  PRIMARY KEY (`UserID`),
  UNIQUE KEY `Username` (`Username`),
  KEY `FullName` (`FullName`)
) ENGINE=InnoDB AUTO_INCREMENT=11 DEFAULT CHARSET=utf8mb4 COLLATE=utf8mb4_general_ci;

INSERT INTO `users` (`UserID`, `Username`, `Password`, `FullName`, `Email`, `Phone`, `Role`) VALUES
(1, 'beam14', '$2y$12$GEh9Hc8zZvzzkXI5i8CsIuGasG68y/3xzZK43LKiggWIueod29Fea', 'นายปองภพ รอดตัวดี', 'pongphop@sakolraj.ac.th', '0141414141', 1),
(2, 'pun16', '$2y$12$ajXE.RgPj17pDNomBBV8AOGp7kNWhB2xS2DkZFrduZKB8bACJHnau', 'นายปัณณวิชญ์ ว่องไววิทย์', 'punnawit@sakolraj.ac.th', '0161616161', 0),
(3, 'thirakune888', '$2y$12$Kat9M5KdpFkxaDffmET7vOr3JwDfDhScksqMv6ILlNwciVcrm0/5.', 'นายถิรคุณ จรรยาวดี', 'thirakune@sakolraj.ac.th', '0123456789', 0),
(8, 'chanaphat1', '$2y$12$9oeGrQga/iXX.QGNH2Zyzuv9q/.TToz6KEXilUTiDabu5TG4w6slO', 'นายชนาภัทร อินอุเทน', 'chanaphat@sakolraj.ac.th', '0101010101', 0),
(9, 'santi03', '$2y$12$9IbD/m9OZ6mykSZbnl/39.D0zM1b0.JmfJPK3MVMiKq/yqL01QoFy', 'นายสันติพิทักษ์ พรหมไพสน', 'santipithak@sakolraj.ac.th', '0303030303', 0),
(10, 'ECOBOOST', '$2y$12$Qyy8PyaxwiQmMLIvbnaqaOOQhYrRwjYPlKBfBK/KF3AjSBTQ6aYgO', 'นายรวิศุทธิ์ อุบลครุฑ', 'rawisut@sakolraj.ac.th', '0191919191', 0);

SET FOREIGN_KEY_CHECKS = 1;
